Segment,RMS,SpectralCentroid,NoteType
285,0.09062699937411091,69.78693298000677,Hold
290,0.11110216453063373,62.9962115792441,Tap
292,0.10370392812307273,62.19569681606408,Tap
294,0.11182572038887982,61.75617896730048,Tap
296,0.101101586368283,65.48197746032149,Tap
297,0.09249571806674874,66.30820151174814,Hold
300,0.07618711056584963,66.88095543293744,Hold
303,0.0880671400562875,72.63343015885718,Hold
306,0.08493596453616335,66.17350785437138,Hold
309,0.09136530605347416,64.25253452574128,Hold
312,0.10554800189554549,62.548184313617774,Tap
313,0.10219459859512786,59.44699929105784,Tap
314,0.09961601219730815,61.56885297255138,Hold
317,0.09121163634694614,61.34159770261238,Hold
320,0.09375554135004317,53.0237887602147,Hold
323,0.08529052816269249,58.90950891520184,Hold
326,0.07963162110273218,60.27492693032355,Hold
329,0.10369529961817783,66.03748384298011,Tap
330,0.07658777566922843,61.88774537311935,Hold
333,0.07307951835457112,67.93483950132348,Hold
336,0.08660316306197033,67.9789251692086,Hold
345,0.0739330144292554,66.20567919465623,Hold
348,0.073576051448054,63.367795281871786,Hold
351,0.07902096752071255,63.998572965008755,Hold
355,0.10903293014280978,66.76647349721681,Tap
356,0.09749355416840098,68.12903461075565,Hold
360,0.11114465349725863,60.709942552831585,Tap
364,0.08524483143273229,72.76916578370916,Hold
367,0.07321188084906562,71.63858783560025,Hold
383,0.09603169983626304,61.59403371786972,Hold
386,0.08365495989605526,64.14976542610776,Hold
389,0.08344913092150434,61.3601558575273,Hold
392,0.07156500269697509,63.018462329176316,Hold
403,0.08515824661598677,53.04429236391648,Hold
406,0.09991774880175057,57.371660255901794,Hold
409,0.07728678741890357,50.01864879405915,Hold
415,0.07885674251111224,66.53861450320143,Hold
418,0.09235064281689306,52.7441370329353,Hold
421,0.08057004650676611,58.57231774725065,Hold
425,0.1068696864302164,65.43343640754891,Tap
426,0.12021287520387051,67.5909940246272,Tap
427,0.07265561805467698,75.22678433005188,Hold
433,0.07449294952751684,75.62107286680703,Hold
441,0.0983469841531361,65.33341494639595,Hold
444,0.08533997770022779,59.10984762419166,Hold
447,0.07645084514802479,58.67621460442861,Hold
450,0.08796234682135796,59.387511968718265,Hold
453,0.08700636751495713,56.29704095747384,Hold
468,0.07544841077356557,58.373292938327204,Hold
476,0.07367590777330493,60.62389460860386,Hold
495,0.10954540178245467,54.92119589641177,Tap
498,0.10437666013646155,68.31012016106747,Tap
499,0.08562808066072443,75.61871337111587,Hold
504,0.1109791935205778,68.44232582223944,Tap
507,0.10224239510055733,61.12393509588787,Tap
508,0.08831350776932871,68.33116278727812,Hold
511,0.09896821939260902,69.85805643574771,Hold
514,0.09537392912228768,61.12880481669329,Hold
522,0.09266597196336636,50.82817235173522,Hold
525,0.09600768703656684,47.66485240811947,Hold
528,0.08735130627169584,63.37140378714656,Hold
531,0.10906815994804636,53.35613581386836,Tap
539,0.1213225755780743,63.76992443177441,Tap
540,0.11583983849782031,60.09235570320922,Tap
541,0.10844521014895155,62.00188338800198,Tap
542,0.12959205668643015,49.89439781224637,Tap
543,0.07248583891933533,52.66302496497436,Hold
548,0.11310152046894094,65.7403009651632,Tap
556,0.10257875658323422,62.99812227121626,Tap
557,0.0904073732656699,62.30047491975761,Hold
560,0.07434435776084415,72.26388209258724,Hold
565,0.1088417143511488,51.777393033388485,Tap
566,0.07853682471259046,70.70979467539362,Hold
569,0.07020363345814215,76.81933276853002,Hold
574,0.10532830349102297,74.0178226219222,Tap
583,0.10344049947526451,71.68498800327185,Tap
584,0.10308865035189319,69.37542830195663,Tap
586,0.10465060010653326,63.34880283544871,Tap
588,0.07158912509268539,60.617219939592786,Hold
592,0.10894867286432686,65.56715097731957,Tap
593,0.07797837622015456,69.64841147634507,Hold
596,0.07055420181160967,64.55012647427723,Hold
600,0.12907203719553506,47.931634248402425,Tap
605,0.09396208100943972,46.75357741509486,Hold
608,0.07509074850342813,60.10346737231412,Hold
618,0.11697799941393723,63.595086256902604,Tap
621,0.10064549766041415,46.38086723751035,Tap
626,0.13238036140965617,48.520947285464885,Tap
627,0.08775896817328317,57.80173899607356,Hold
630,0.11173647927151766,48.33218323531835,Tap
635,0.11005203749446488,48.513163321242445,Tap
644,0.10188382549378261,65.52162122021093,Tap
652,0.11304850656302393,57.514596186286745,Tap
653,0.12330943227998616,62.30422960153406,Tap
654,0.11917087701681495,59.69142430028841,Tap
657,0.10406097692159152,35.56096764632318,Tap
658,0.10278051644264037,37.68530063442928,Tap
659,0.0819971942019426,67.63886243988688,Hold
662,0.10645029158331272,53.07391606685263,Tap
663,0.07533952401066892,62.3526618924131,Hold
666,0.07560045237386884,52.153805388919835,Hold
670,0.104005001014413,44.03027925365548,Tap
671,0.10774778338414805,41.02688567191929,Tap
673,0.11356571103226444,33.27297682098235,Tap
674,0.07643113219953604,44.7213013321923,Hold
679,0.08032161086576328,62.19834913523686,Hold
687,0.10997654686081074,65.40901638157656,Tap
690,0.10945449819890748,59.58746985745395,Tap
691,0.09022760938795223,60.20609782947889,Hold
696,0.10695367854635299,62.85175918894266,Tap
697,0.09505470294325354,56.43607653885102,Hold
700,0.07528740776071924,55.98567964583877,Hold
705,0.12144785357587891,53.83473147898562,Tap
706,0.10187601513780296,58.24662862674543,Tap
708,0.10597943088686729,57.46912050253295,Tap
709,0.09129548624264355,69.46717300956286,Hold
712,0.09542858800638558,74.19117981653721,Hold
715,0.07778228641083128,74.79932174676986,Hold
722,0.10638112749443768,66.48816166393055,Tap
726,0.11727076658685588,51.34209936577513,Tap
727,0.08020321117648672,64.83489787827585,Hold
730,0.08818225549820488,73.28824570260076,Hold
733,0.09120959078965382,63.878221342563386,Hold
740,0.11061170267192848,51.41060727696428,Tap
757,0.10704151998066513,66.59651983579815,Tap
759,0.1301802642313636,62.298123552801805,Tap
761,0.11685745905083444,54.04771542406278,Tap
762,0.10443195772674783,60.027033317128534,Tap
763,0.0761026881150958,65.03535036567858,Hold
766,0.10022029500202267,67.50760292271964,Tap
767,0.10574965536551142,61.713155878267294,Tap
768,0.07316795323236128,71.10764189843583,Hold
775,0.10140673056076206,61.138740102929894,Tap
777,0.13210969806508338,50.589426411067414,Tap
787,0.07622818241350428,62.82953821768438,Hold
791,0.09994817175817923,70.02988213627444,Hold
796,0.10654311466480637,58.54454319925928,Tap
801,0.08483599303787803,66.54033420828969,Hold
804,0.07518799828389765,75.45501163441601,Hold
807,0.08270671431221716,76.36318164441317,Hold
812,0.10413521845654267,67.2166288229745,Tap
818,0.1050952772149276,72.84497807183791,Tap
819,0.11398508029171835,71.76771696804624,Tap
820,0.10006689211163584,76.36969654408453,Tap
821,0.09691005257616381,77.15777863614417,Hold
824,0.0857199476282386,76.48639546964725,Hold
827,0.11013908490845915,77.27572628883777,Tap
828,0.11529966343165476,71.20100661651486,Tap
829,0.10061920144670562,72.94731082303846,Tap
830,0.10885734954057205,73.01563044453007,Tap
832,0.1050769219409636,75.05383663501648,Tap
837,0.11042135476163764,92.1386019603804,Tap
838,0.09220904529246962,101.0677359178254,Hold
841,0.10511738240245165,97.72079212699215,Tap
842,0.11660118648176335,88.36216052435604,Tap
845,0.10403434189438694,54.05911934516152,Tap
846,0.10962799116265867,51.712952704192254,Tap
850,0.07908622175765025,71.14709292613784,Hold
862,0.08393739169032863,68.11840715987508,Hold
872,0.07430588815676038,49.86919888068099,Hold
879,0.07400701364738378,48.264134869192894,Hold
906,0.10933167842907558,61.14384590197815,Tap
915,0.10176831290905669,33.00293764646784,Tap
932,0.10528934770917125,50.290958001595655,Tap
933,0.09838756624755954,32.78470961548582,Hold
936,0.09501212713665597,25.374846935656088,Hold
939,0.08815649707568084,57.53617396709875,Hold
942,0.09097370845701307,35.09162383008866,Hold
976,0.07754557687842566,47.66203857032354,Hold
985,0.10499034699461599,28.52501939553603,Tap
986,0.10667906479562576,23.641067399996075,Tap
994,0.10020255249454216,38.66266771289842,Tap
1002,0.07260070522228682,57.69193258591823,Hold
1011,0.09004042300976858,43.17752379111345,Hold
1014,0.07248978432411919,50.1071336281661,Hold
1019,0.128394959566142,44.75241503746855,Tap
1021,0.10212058026194912,32.84682606012183,Tap
1037,0.09464622046477617,49.58297044537483,Hold
1040,0.07662762543596992,35.13484524810151,Hold
1044,0.08514652714234247,61.10844709403863,Hold
1054,0.07255811966593044,37.69366958012675,Hold
1057,0.1053197783657598,24.64985080795272,Tap
1072,0.1060908683449071,52.339570889442506,Tap
1089,0.13128194667031357,32.77616583841267,Tap
1092,0.1030383099839783,24.181852413326343,Tap
1098,0.07202601752943169,41.414917663399976,Hold
1107,0.10046275784635153,55.05540773765322,Tap
1108,0.09425015145231094,38.14675064078746,Hold
1125,0.10001961794904399,43.156301888442684,Tap
1133,0.07064371630574864,51.94976619892205,Hold
1141,0.09392276750499158,64.44377697433684,Hold
1150,0.08072792794913441,44.747046056224576,Hold
1159,0.11838695690990218,39.301639181430964,Tap
1177,0.11826394564978168,56.25585193308872,Tap
1178,0.11636793727454936,56.41411027954987,Tap
1185,0.11325225098333164,58.47988830623081,Tap
1194,0.13688183969881204,32.484155598029254,Tap
1197,0.1100469571055705,29.949431251636916,Tap
1198,0.07573491440108282,34.1125142112582,Hold
1221,0.08595910297645962,40.19602104340072,Hold
1229,0.11583846321396633,31.30809392247507,Tap
1231,0.12396021431694086,27.808249504551757,Tap
1237,0.09454266773824882,51.974728758371086,Hold
1246,0.11937572977992263,56.80662319001422,Tap
1247,0.12691455784790717,61.976526865552216,Tap
1248,0.1154150174727656,67.90381119664343,Tap
1249,0.10170144596588317,64.99182578696565,Tap
1250,0.10142350366753738,65.08624267087933,Tap
1251,0.07330376784536018,69.23938564456577,Hold
1255,0.10046138805304529,69.47978581045284,Tap
1256,0.08863732642675799,61.48089743319662,Hold
1259,0.07615385368220362,65.77575147226146,Hold
1264,0.11834483906288973,85.94879581376614,Tap
1265,0.1253549058253182,81.07840231523792,Tap
1266,0.11932207621992375,76.6265672917817,Tap
1267,0.09863690608334998,73.30734663407166,Hold
1270,0.09442227980189526,77.46714430786257,Hold
1273,0.10427505323205412,76.68380572971488,Tap
1274,0.10432250420699823,76.99906089859842,Tap
1277,0.10106734054323031,65.80818216640405,Tap
1283,0.12079976291270692,73.11316021482676,Tap
1284,0.08897331947643324,66.75357391371594,Hold
1287,0.10590273276594142,63.44126115428454,Tap
1289,0.10251437762392088,56.9838211281057,Tap
1291,0.10094715841024716,81.89586779360843,Tap
1292,0.0977291224557889,70.1505066796498,Hold
1297,0.11296907424521928,63.72448001871606,Tap
1298,0.08182378704095956,107.77225898478653,Hold
1307,0.10448726202580964,73.95954392073605,Tap
1308,0.1254029840063154,67.04568797467375,Tap
1309,0.11591329098023062,68.06961428090716,Tap
1311,0.11251143907455845,57.55409651349141,Tap
1312,0.0753160600389397,58.03025715669084,Hold
1316,0.10931447080393884,81.82300231955828,Tap
1317,0.11001140517881429,79.99116282467531,Tap
1318,0.1028378791165806,70.19312546884602,Tap
1320,0.12756180048306712,54.62022603561563,Tap
1321,0.07645905214316025,55.42992768727223,Hold
1326,0.10712669706165642,68.99154480158346,Tap
1327,0.1267200878646946,59.13302169166103,Tap
1328,0.12707152064631785,59.307963979740244,Tap
1330,0.11213493025925794,64.06676488043016,Tap
1331,0.11844786638193769,58.23464182943233,Tap
1332,0.10414668695996168,61.51728820722263,Tap
1333,0.10462711245885409,60.06765816692476,Tap
1360,0.11341148127357613,78.48781233694926,Tap
1361,0.10517076525808534,72.93950832518149,Tap
1364,0.1027578366774508,66.35753633527669,Tap
1367,0.10399515578218525,64.37529630448955,Tap
1378,0.10356651275737269,86.8698590441203,Tap
1380,0.11763444901475288,72.12908083140714,Tap
1381,0.12141646137176519,71.43005872129584,Tap
1382,0.10336359419732369,71.3550778249169,Tap
1383,0.08809134726997775,66.13496729279277,Hold
1386,0.11008187972589485,59.26613395716832,Tap
1387,0.09210968770521824,62.12925865031754,Hold
1393,0.08757002463996624,71.62139422694062,Hold
1405,0.10352873922232576,63.8935481464251,Tap
1422,0.10638692308385579,66.30828062070394,Tap
1456,0.10346902960178563,49.886472454383835,Tap
1458,0.10084646270338438,42.867504034521794,Tap
1465,0.10057599176825738,50.528494711684395,Tap
1466,0.0776831338213223,36.31071184904424,Hold
1474,0.10446885960917064,31.547165671749195,Tap
1475,0.11530882965029017,30.936059803696743,Tap
1476,0.10137834387257375,28.01325267099051,Tap
1491,0.11522490255382162,57.393253889344294,Tap
1492,0.10910331040816092,60.12104271465003,Tap
1493,0.07129680484115883,35.24647073849226,Hold
1496,0.075223829536001,34.43995054069156,Hold
1500,0.11438753615276567,54.10172581566905,Tap
1501,0.0837484771991717,38.32054245198914,Hold
1526,0.10825463510310403,48.958988136128625,Tap
1535,0.10526046264468322,49.42252638771623,Tap
1545,0.10775978238061219,39.82092145186069,Tap
1552,0.07086275134261641,58.10206457918113,Hold
1561,0.12804821109814804,51.95547490893973,Tap
1562,0.07871227736405544,34.24676477660804,Hold
1570,0.07831790610213755,45.29431208072234,Hold
1573,0.07339315649255447,48.96771581357684,Hold
1578,0.10860210197593026,50.21810554509155,Tap
1579,0.0777740789824288,33.645011221371284,Hold
1596,0.10149829932319977,56.72044868257634,Tap
1597,0.10047877038648176,52.384717927256006,Tap
1598,0.10088278776935435,58.50214383673834,Tap
1605,0.10960455837311177,58.012652874947754,Tap
1606,0.085639201293765,38.54637766325543,Hold
1613,0.10613593173061209,37.39592890722008,Tap
1616,0.1110139382224061,18.062792469817524,Tap
1620,0.08036407297817239,50.16973124417525,Hold
1623,0.0704393425912029,39.16476407722226,Hold
1631,0.10108285056321467,59.78753480371928,Tap
1633,0.10131800129488104,49.45223042551615,Tap
1648,0.10735167331249303,84.34576116247253,Tap
1657,0.07395757417449071,52.568314148129474,Hold
1666,0.11484116201681205,56.608793215141844,Tap
1668,0.11200675633855194,52.353108639472666,Tap
1669,0.10474693815437079,45.77541022615603,Tap
1685,0.11594537052945868,44.36523636439244,Tap
1686,0.07100711092836698,55.47193417341491,Hold
1689,0.07188713862834188,62.755865096290954,Hold
1701,0.11488063582567647,54.151982342157694,Tap
1709,0.07758507590950954,59.08739021131696,Hold
1718,0.07417524266569446,35.199148789494636,Hold
1735,0.10107352590739757,53.901116096062,Tap
1736,0.08544312541520108,75.0302562772948,Hold
1745,0.11739046826272646,44.88998333022512,Tap
1746,0.11408159310127032,39.089934463942235,Tap
1770,0.08051146049603201,62.77399109265079,Hold
1779,0.09912406255900068,58.84549958180344,Hold
1788,0.12688235583562374,33.09274986517631,Tap
1789,0.10375157200863232,33.10477433815589,Tap
1790,0.11719534737246583,31.868988706595022,Tap
1797,0.0810763267940425,54.70602314315777,Hold
1806,0.13668298156655026,54.632460914572604,Tap
1807,0.12267229595231176,55.44809803822837,Tap
1808,0.08189616822046476,43.01956424410579,Hold
1825,0.1055485299368432,59.06886109888459,Tap
1827,0.10449247894369328,58.65885328020046,Tap
1829,0.10139649326852258,56.46803606416491,Tap
1830,0.0819163747379098,71.19876887824601,Hold
1840,0.10135006923370096,66.30315588511492,Tap
1841,0.11094018246996037,74.56058319218623,Tap
1843,0.08143014143745965,71.30561245787484,Hold
1846,0.09593883247137287,66.63789060811334,Hold
1850,0.10761154315913245,68.81825632620404,Tap
1855,0.09558551120096809,101.62447182693586,Hold
1859,0.10414975926088932,74.8244160023211,Tap
1862,0.10104742385192476,69.0741583189645,Tap
1863,0.091256027067229,67.72701096563111,Hold
1868,0.10827337127224565,62.8412804910216,Tap
1869,0.094893489836403,84.48312825496512,Hold
1872,0.11146509900786572,83.29846302660623,Tap
1875,0.10132338305028721,71.50623007440342,Tap
1876,0.11489622028040586,67.51959707724588,Tap
1877,0.09197029773062868,65.05210695789498,Hold
1884,0.1188544737489876,78.67217266228343,Tap
1885,0.12172155783755674,84.34806679771205,Tap
1886,0.10995611687357186,79.31424502789734,Tap
1887,0.1145344906296814,75.22664572967747,Tap
1889,0.10924265854429796,70.01092753820346,Tap
1890,0.10396271605637294,74.08738492968044,Tap
1891,0.07963632981679258,74.39906416452443,Hold
1894,0.07581757893002836,72.60792642496062,Hold
1902,0.12452512906164023,75.91325045742771,Tap
1903,0.10581912012649644,82.0408260648143,Tap
1904,0.10393450296206834,76.08949321747632,Tap
1905,0.08771477465697275,71.81063511643738,Hold
1910,0.11348922527240458,74.77463637022126,Tap
1911,0.10733895500274342,75.27046857215844,Tap
1912,0.11086129889275234,74.6347041185754,Tap
1919,0.0728831331872919,55.381099361604356,Hold
1927,0.10948283117212752,67.15135203904985,Tap
1928,0.11985895306180998,73.46252797975664,Tap
1929,0.12430056926849632,74.88908667403048,Tap
1930,0.10895504154921799,78.91482212547967,Tap
1931,0.1110975146697381,71.59914708300441,Tap
1932,0.1274235162078901,68.7723448104284,Tap
1934,0.11356362497679921,74.13557284984697,Tap
1936,0.11503847184366021,76.0595659952921,Tap
1937,0.12136796980699112,78.26644777933808,Tap
1938,0.10990502836125512,87.4386660462743,Tap
1939,0.11304625531385862,74.74245338540213,Tap
1940,0.13128546141496886,77.2999115310221,Tap
1941,0.1115885222712724,76.24487459352954,Tap
1942,0.12499803434332425,56.63631948545998,Tap
1954,0.1351589176102189,64.15190850916295,Tap
1955,0.10301330458093151,71.72284291711739,Tap
1957,0.10601976419470635,70.86289531056623,Tap
1960,0.1017597252348308,68.5145022410568,Tap
1961,0.09078954361797249,65.6008129968329,Hold
1980,0.08009848958852328,75.92124991546443,Hold
1989,0.07613442777941704,48.522778719985624,Hold
1992,0.07222692490884262,44.97108646330208,Hold
1997,0.11438079457644147,57.985730464397164,Tap
1998,0.09027146582386127,63.00043646760434,Hold
2007,0.1111561094367193,58.37734136486778,Tap
2008,0.10481970537445741,54.743082931203936,Tap
2009,0.0996828592446387,53.17634556014547,Hold
2012,0.09578560004058098,54.78864199849558,Hold
2015,0.10360406150961673,58.650402309535096,Tap
2016,0.07515645017702816,61.31062095914149,Hold
2019,0.07944206589077663,67.07951662980017,Hold
2024,0.10982051936994283,46.07334408419026,Tap
2025,0.1157218213413566,52.20362304393145,Tap
2026,0.10819899135264927,51.635132941914556,Tap
2027,0.10146316720588,57.29330272697223,Tap
2031,0.10019637924158134,58.369195466810254,Tap
2033,0.070573720415354,69.44618522636692,Hold
2039,0.09712232583243478,64.28349954763935,Hold
2042,0.08605307743296682,53.43629345624588,Hold
2050,0.10095321122437012,50.537570901084024,Tap
2053,0.10023998204412347,53.84860005814343,Tap
2059,0.11263813529946501,41.400337222555265,Tap
2060,0.10965617488241523,39.74814968504123,Tap
2062,0.10303473890826811,41.01553054786195,Tap
2064,0.10436028751391173,39.22741611398236,Tap
2065,0.09658422138217172,61.68297719438542,Hold
2068,0.0800571381165034,58.05655619889737,Hold
2071,0.09019879946273188,59.09879738131066,Hold
2074,0.09378005062490116,50.10482271087704,Hold
2077,0.08170797614475803,50.53331454334569,Hold
2085,0.10020341868036015,67.86566661522224,Tap
2087,0.11852138489369075,60.28336166149076,Tap
2088,0.08856954152155401,56.07918168221466,Hold
2093,0.09814733000837617,50.36929302373108,Hold
2096,0.07812351456471354,60.2700212176934,Hold
2102,0.08867400621516432,57.23046794036103,Hold
2105,0.10733888651683261,58.61800982429831,Tap
2106,0.08049558724231662,64.22022223366177,Hold
2109,0.08208721474565024,65.32304556212144,Hold
2119,0.09648569721803785,66.46931228222621,Hold
2130,0.1030473033251783,53.94748141878808,Tap
2131,0.10286013068201807,58.32307672763494,Tap
2137,0.11159230089343121,61.50358952007664,Tap
2138,0.11121680649021198,69.85367883298184,Tap
2139,0.07817065651920484,64.70485512066107,Hold
2146,0.10237394113831579,67.83375781385243,Tap
2147,0.07610217490315437,61.83863894639762,Hold
2150,0.08287442885161228,56.768522178126126,Hold
2153,0.09741811823317559,61.92189254350482,Hold
2157,0.0768681510787719,68.14141884503898,Hold
2163,0.1082645535613766,52.20517078529478,Tap
2164,0.1267051091046599,38.63713935854084,Tap
2166,0.118230546381943,41.85759464075962,Tap
2168,0.10913236450941631,52.06647281429174,Tap
2169,0.10434780304003699,48.83676570256006,Tap
2170,0.10236573485735728,50.962404415605675,Tap
2171,0.08446908759448805,71.96758639995548,Hold
2174,0.09123024860083419,59.26292627861135,Hold
2178,0.0957748026484164,56.98451446977292,Hold
2183,0.11181971889503332,52.57419430483247,Tap
2184,0.09566276134671149,41.24441169555246,Hold
2189,0.10506538530569386,50.16849902648433,Tap
2190,0.10199151372685968,59.4134581406255,Tap
2191,0.09337191029286694,59.79350346354249,Hold
2195,0.10263042946609038,50.904979722446875,Tap
2198,0.11284381977727281,40.51360526638375,Tap
2199,0.08468443814286786,36.41237434820994,Hold
2207,0.11032241769378251,66.29245595469904,Tap
2208,0.08229641412036123,67.9125992062075,Hold
2211,0.0742952650693926,66.83174894734162,Hold
2215,0.12400462729251994,61.11708237003279,Tap
2217,0.1077415431327166,69.34994719766534,Tap
2218,0.08353377727325004,65.09297923047728,Hold
2224,0.11183550277947965,76.22901242423504,Tap
2225,0.07693895414407874,83.6913818581168,Hold
2233,0.10836084714455606,64.1992861958379,Tap
2234,0.11731064418311023,60.545162413697824,Tap
2235,0.11344557659089667,62.529030239149456,Tap
2236,0.12464053733502095,55.65210795898208,Tap
2237,0.10731701574766228,65.18520167505497,Tap
2238,0.11848704058639709,58.44182876476161,Tap
2239,0.10121302074885859,67.02282499895803,Tap
2251,0.10367279469234858,78.31470122027739,Tap
2252,0.10531666273515075,66.86383498892705,Tap
2253,0.0907918849880587,56.330930542058766,Hold
2259,0.10140049325535232,68.05453070394609,Tap
2260,0.10447011705413115,72.08079966457305,Tap
2261,0.08323252838391533,57.31769583185752,Hold
2269,0.0794867833268354,62.09548948123918,Hold
2277,0.1057640253243886,55.70177601150264,Tap
2278,0.08241214476247319,53.31969919711372,Hold
2286,0.1359656297542284,62.648427141507526,Tap
2287,0.09406657300522439,63.91086499563403,Hold
2295,0.10010537935987818,93.1066210893351,Tap
2296,0.07438410618141346,109.63610522006958,Hold
2303,0.12279429248194564,70.51585290942396,Tap
2304,0.12864631025390172,59.59899240042759,Tap
2306,0.11682500530816468,51.93342327064886,Tap
2307,0.10920437122107413,52.1150289749934,Tap
2308,0.08958092190438927,53.974689950288486,Hold
2312,0.10011351223785322,53.01557405355769,Tap
2313,0.09725253300344075,51.191190776416974,Hold
2321,0.10593705182907133,65.63235413856401,Tap
2329,0.1151364255062634,64.08323115729405,Tap
2330,0.10049866034768062,68.31061881674688,Tap
2331,0.1006860561543104,63.64692718312093,Tap
2332,0.085619593232158,47.886256102896326,Hold
2335,0.08950006989002021,48.879859410175925,Hold
2338,0.07701343166698245,58.808870377880275,Hold
2347,0.10733345445992148,55.006199403152316,Tap
2364,0.10446369814925725,65.86799961378327,Tap
2365,0.11151398708156479,63.200200173363015,Tap
2366,0.07606233075785966,51.510655004231246,Hold
2369,0.07013738327163123,50.905876215702364,Hold
2373,0.11005924893739805,55.92133911686725,Tap
2374,0.11397189195567863,52.5972890511373,Tap
2375,0.10233992557359393,53.7356258261256,Tap
2382,0.11229144551761845,67.44841427107549,Tap
2383,0.11398561759237746,56.84622822200261,Tap
2384,0.13113728586277912,51.52220133462473,Tap
2387,0.09097713104523214,64.21544310426975,Hold
2390,0.1038231551248928,64.21980922095626,Tap
2391,0.09499074431770968,64.52476198697389,Hold
2394,0.07353329189619394,71.10305605610979,Hold
2399,0.10534614770683215,68.79859329756484,Tap
2400,0.10791531889662284,70.08013082460651,Tap
2408,0.08758768585304785,63.78477596977014,Hold
2411,0.07493230682579494,62.633228208051136,Hold
2417,0.1150454094877324,52.66093112135964,Tap
2418,0.0892407072682884,47.99138539105576,Hold
2425,0.10222316591981383,57.75222510097521,Tap
2426,0.1138407309072766,56.13860267324975,Tap
2427,0.09100708934389753,56.13666698556049,Hold
2433,0.08844059482936457,72.09814991973887,Hold
2436,0.10254450198706652,67.83085370330728,Tap
2437,0.07313155463108406,67.05275137413558,Hold
2442,0.09904688856649266,63.69917708477457,Hold
2445,0.11379898142151786,58.44594995901377,Tap
2452,0.12057929119808392,81.52155918327641,Tap
2453,0.11197102966653248,83.98840274858827,Tap
2454,0.08335504264101223,80.4715159319512,Hold
2460,0.1025963837813899,76.06571519438893,Tap
2463,0.1006405439189181,79.21276530250711,Tap
2464,0.0824592129908279,76.42727042217503,Hold
2469,0.11758116225014567,72.96186908308141,Tap
2470,0.1178875960557911,74.56469136509158,Tap
2472,0.12871647419843482,73.46047781630652,Tap
2473,0.11379560404568674,77.39552456485403,Tap
2475,0.10474045639621174,75.27954305355924,Tap
2477,0.07782954905358311,81.5382979540797,Hold
2487,0.13175851820647314,79.90689624102276,Tap
2488,0.10383353252540523,84.56638780161822,Tap
2489,0.12742168400930992,73.26410040603038,Tap
2490,0.12308505751713236,75.41947894462623,Tap
2492,0.12480375937380671,75.16301908192229,Tap
2493,0.11320984008497502,75.08670624615212,Tap
2494,0.10285848058610443,76.4164531602032,Tap
2496,0.11607349681681314,74.84044371127355,Tap
2498,0.11446032079003271,74.63077145911986,Tap
2499,0.10925547750139553,80.81782083494296,Tap
2513,0.13768731179182486,54.43835689674931,Tap
2516,0.11106782165649148,57.164962075128244,Tap
2517,0.09480074350105093,57.61731943273665,Hold
2520,0.07996967006821591,61.092266331034516,Hold
2523,0.09169484687414971,54.99346413170207,Hold
2526,0.07634340856182456,63.12167145250017,Hold
2532,0.08429087820044118,94.00419518751923,Hold
2535,0.08235727609027209,95.38260408162651,Hold
2540,0.11054134240175932,60.50254136083605,Tap
2541,0.07674436815866277,64.83787109640129,Hold
2544,0.07868802327871739,52.154789462837975,Hold
2547,0.0773885638781431,44.8144020853786,Hold
2556,0.10169061762103353,57.20801945316151,Tap
2557,0.08641133684312627,66.50889727538153,Hold
2566,0.12329797935855945,51.12578549843058,Tap
2567,0.11654867085889231,50.70106375418944,Tap
2568,0.10454734773063917,55.737851762529004,Tap
2569,0.10695163641664183,53.650447537689814,Tap
2570,0.09102022517508886,55.006004087922456,Hold
2574,0.11255927833896733,55.71599562266104,Tap
2584,0.11053799333808309,44.42851974932921,Tap
2585,0.10197030096088469,46.5589269566502,Tap
2586,0.09740999786193145,55.057987921169584,Hold
2591,0.10875427411537834,62.483147844388505,Tap
2600,0.11021256959986753,60.53224695625419,Tap
2601,0.10980640116101473,60.9247797394716,Tap
2602,0.0947169329764182,47.51896393099941,Hold
2607,0.07042008174400553,102.31115862520734,Hold
2611,0.07112422107511465,64.50518818193139,Hold
2618,0.11314262068095245,47.100125030435734,Tap
2619,0.10089926350839747,44.53316972904353,Tap
2621,0.10157384154139598,43.90934603981951,Tap
2626,0.1009335425449117,61.42576423848744,Tap
2627,0.0813007483309552,64.56573929463394,Hold
2630,0.093758492651307,58.990985027404825,Hold
2633,0.09175769765825108,58.058829044787764,Hold
2636,0.08718134586115998,55.84688925864712,Hold
2644,0.11938698991604697,62.06495040375851,Tap
2661,0.12160975373671921,54.53755539579722,Tap
2663,0.10287672771271844,57.19636237483964,Tap
2664,0.10954636049391803,62.77043402792975,Tap
2665,0.08525332335704379,71.2769142958844,Hold
2668,0.08490529685671568,67.41891934436899,Hold
2679,0.10296171273581714,70.26714475476439,Tap
2680,0.09590368383833957,73.0353072905627,Hold
2683,0.07474411199046212,70.54048599959543,Hold
2687,0.09882056109278615,56.93517870030922,Hold
2690,0.10897581651330367,49.88670789522301,Tap
2691,0.07318813820416527,53.175368189839276,Hold
2696,0.10128632480564667,67.67481152013555,Tap
2697,0.12093403351136106,64.15684068255011,Tap
2698,0.0860212588433892,79.59035218122067,Hold
2701,0.07463236220644572,89.75079366675038,Hold
2704,0.09836735518895945,85.31400935744517,Hold
2707,0.09923125355569869,58.789135773039106,Hold
2710,0.07606889587294513,62.642687952233885,Hold
2714,0.10378659507473195,63.068337922203845,Tap
2722,0.08377729748246121,60.343346473129216,Hold
2725,0.08768652978860807,59.83276566249703,Hold
2728,0.10365329856498769,58.497050306529445,Tap
2729,0.10517028929459468,58.017774351731696,Tap
2731,0.12252607119495837,59.168158104904705,Tap
2735,0.11149809981457805,59.43839833781906,Tap
2736,0.08206833549901704,64.97412622943493,Hold
2739,0.10352801741465761,55.69808309663313,Tap
2740,0.10066596971160065,68.8208381655219,Tap
2742,0.12484752838277219,55.844088829108415,Tap
2743,0.10086664900770359,50.32342694268579,Tap
2745,0.08100053651210645,48.60805141417076,Hold
2749,0.10869821731653154,63.17510724060821,Tap
2750,0.08420890170502635,66.24852889271848,Hold
2766,0.08297362607478634,68.0059293905173,Hold
2771,0.07401785375766895,97.63507130084794,Hold
2775,0.1080563690051971,63.891311412295124,Tap
2776,0.10244923414291944,66.89997196115597,Tap
2777,0.08517844300320701,57.45789226764919,Hold
2792,0.11169375252782901,58.520916341579145,Tap
2795,0.11409195527487627,58.265083035390525,Tap
2796,0.11773171280213793,58.225038098305994,Tap
2797,0.11271726044885666,61.307568052905786,Tap
2798,0.11836859922367518,59.12050110810453,Tap
2799,0.12521030155678062,61.17755223146727,Tap
2800,0.08493700716989917,66.81855987535991,Hold
2803,0.10574684236675545,59.69582947809386,Tap
2804,0.0845578514428755,62.32987684529902,Hold
2807,0.07419988646899002,76.30588243204589,Hold
2810,0.12349472137709328,66.68477069813804,Tap
2812,0.12477660096512087,51.753999067846735,Tap
2813,0.1017198877392031,52.319548004373374,Tap
2814,0.07460375774716732,59.976422039616914,Hold
2818,0.08616115685293343,74.92981357789057,Hold
2828,0.10066666060521066,62.38376988181086,Tap
2830,0.10010216743474182,53.52153973469676,Tap
2836,0.10764906017260992,52.57304846248564,Tap
2845,0.10905449912531139,62.516772317993244,Tap
2846,0.10228540316613696,54.41705453718789,Tap
2847,0.11535793914617669,49.238266238927224,Tap
2855,0.1043732046068627,66.4186618360747,Tap
2862,0.1268838655150101,58.371063395920864,Tap
2863,0.11614828939653292,55.74359891814105,Tap
2864,0.12523402474164858,44.17730255567351,Tap
2867,0.1001367428537429,49.93026110756364,Tap
2868,0.10854645729820007,50.09384252938851,Tap
2869,0.11082505001705598,47.44533153885709,Tap
2871,0.10523886782282924,46.68435343508994,Tap
2872,0.09814091018436774,46.88251180278752,Hold
2875,0.09700085602342774,45.04939210420816,Hold
2878,0.10034603403710331,46.96945992579077,Tap
2879,0.1023151653742695,56.78680069760576,Tap
2880,0.10533743923905413,63.15400240524496,Tap
2882,0.11955395857080069,51.66360362243708,Tap
2883,0.0856437691723333,53.568045228867916,Hold
2888,0.10165858963012439,70.95658347408774,Tap
2889,0.10549038612070814,67.5707557769158,Tap
2890,0.10163394126971584,64.99259664505723,Tap
2897,0.10059116374350323,62.38773636629679,Tap
2898,0.10444754607468161,59.32085819017749,Tap
2899,0.08312865110685227,50.40009745705809,Hold
2902,0.07593884520488876,51.624518743815784,Hold
2915,0.11304986052980781,65.71284008562317,Tap
2919,0.07215276964991599,113.37044195105177,Hold
2923,0.10058755859775642,67.41424126158115,Tap
2924,0.11930696830285588,64.6956752170023,Tap
2926,0.10476453112005878,60.686369040361505,Tap
2928,0.10456460284615676,52.78631797576114,Tap
2932,0.11203407343148938,73.63899620924647,Tap
2933,0.10338055568978202,72.55930001090542,Tap
2935,0.10078181641250768,70.62849199906425,Tap
2936,0.10676859398957944,66.60857340722887,Tap
2938,0.1000408302495084,66.70355060011141,Tap
2939,0.12172391649830451,56.67638400609247,Tap
2940,0.13617884736629543,56.55120600628505,Tap
2941,0.07938560846661899,73.59568217300408,Hold
2944,0.09772053417564346,64.69694484994653,Hold
2950,0.11042836210004221,61.90553775053429,Tap
2952,0.11777167192152681,51.153025794254035,Tap
2959,0.11294898778491326,63.670768799263556,Tap
2960,0.07970485575475943,56.73212002934618,Hold
2967,0.12227770915383707,77.37114950595355,Tap
2968,0.12245997542458624,72.95007056304885,Tap
2969,0.11512730233776904,67.46607142261094,Tap
2971,0.10100368156521165,75.3310151736434,Tap
2972,0.10874837737582715,69.45578884832419,Tap
2973,0.08894044956900622,70.75685141107532,Hold
2976,0.08224541162025081,72.13586642483935,Hold
2980,0.08664365231938273,63.972413318553166,Hold
2983,0.09925947936230498,67.15355618132256,Hold
2987,0.10611107743531191,63.756574450488785,Tap
2990,0.11665427980528889,66.82580511251463,Tap
2991,0.1107618886528603,60.17150337691715,Tap
2993,0.11839250615898166,62.855384344079184,Tap
2994,0.08243156685395094,59.49687185015349,Hold
2997,0.07578933746429076,66.46167809981033,Hold
3002,0.11711491923017878,72.33413149395966,Tap
3003,0.10106724379437718,71.16743494079715,Tap
3005,0.10638540656850685,67.49571327786111,Tap
3006,0.10939695869425008,64.27291103026192,Tap
3009,0.10564674110643534,63.005358164907975,Tap
3010,0.11226938217261125,59.11113838822289,Tap
3011,0.10799135142940092,55.6496446507641,Tap
3012,0.07327550090262477,63.75791027417498,Hold
3015,0.07750060012755107,60.15216716248932,Hold
3019,0.10275856346645616,68.50319424151647,Tap
3020,0.12030814356657653,60.85281422367578,Tap
3022,0.11841504131920429,57.01009296009684,Tap
3023,0.10516524998984064,59.209739310257504,Tap
3024,0.10661369952213015,57.28890204778635,Tap
3025,0.1042093358704095,56.58744782452741,Tap
3026,0.10643803153645923,57.08810572192369,Tap
3027,0.07577929575190517,78.34841734590717,Hold
3030,0.0712017228122908,56.97421554608809,Hold
3037,0.12069798327953843,81.34103329044054,Tap
3038,0.130235172501998,73.68692891996955,Tap
3039,0.10641622053719821,75.95855483187393,Tap
3040,0.10813004639708348,70.73012548776674,Tap
3042,0.10942110751216957,67.70386187387719,Tap
3043,0.11280956781368481,63.804107060300154,Tap
3046,0.1009422913745482,61.56130731137339,Tap
3047,0.10265130655056562,61.276048511842106,Tap
3048,0.09348942307574576,62.9138943331329,Hold
3051,0.08065033003345289,59.90842949249148,Hold
3055,0.10287123676257508,62.75438497094744,Tap
3056,0.11359680347615683,58.02791653599492,Tap
3057,0.1123237152005052,50.06978432135371,Tap
3063,0.125476819225565,62.38340411252265,Tap
3065,0.10390129700827067,63.24830231852998,Tap
3067,0.11331286810123575,52.05304033226034,Tap
3068,0.1189970360594099,50.878343938385,Tap
3071,0.11407793156712659,51.598598057641325,Tap
3072,0.08522552421822031,59.82658187997784,Hold
3075,0.07050183885397097,73.96933964938958,Hold
3078,0.07317659090047664,88.06358170861613,Hold
3081,0.10097476919301333,84.00689682984373,Tap
3082,0.13057185404447066,77.17450423133637,Tap
3084,0.11133725862847169,67.79815531882669,Tap
3086,0.09414271022421747,68.4802055956481,Hold
3099,0.11161773332156304,64.73817872061022,Tap
3107,0.1044610270903239,55.756135778082246,Tap
3108,0.08125536805266198,59.72657680650643,Hold
3111,0.08057952563628856,55.96030844342739,Hold
3116,0.1075773882334051,69.73675439672708,Tap
3118,0.12264305688108143,65.37104641837416,Tap
3119,0.10015993910740008,74.50798158143415,Tap
3121,0.10462552221831989,68.20054820045361,Tap
3122,0.09299373288555712,62.58870297703013,Hold
3125,0.08264118706064703,68.13261326808457,Hold
3128,0.07546564896338005,70.50634309160849,Hold
3133,0.10649023347064816,62.255239070801615,Tap
3134,0.11530761729757034,71.80553404048752,Tap
3135,0.10304789194686856,74.90682069002942,Tap
3136,0.10841994379377061,68.93928956967056,Tap
3137,0.11043359982358808,68.83141171102984,Tap
3139,0.10481946159528814,68.41515713608597,Tap
3140,0.10238080604075733,64.67203817520657,Tap
3141,0.10060432704052326,65.55696545737719,Tap
3142,0.1021038523009954,65.78872702839479,Tap
3143,0.11122394482166009,62.70442445380338,Tap
3144,0.08606518115137507,68.37148520539293,Hold
3147,0.08969368899633542,79.38549990402475,Hold
3150,0.11342073416804335,74.15957323025813,Tap
3151,0.11963477431132115,78.0353775029462,Tap
3152,0.13786349966202546,72.79059746030323,Tap
3154,0.11759958967580515,71.38563421087143,Tap
3157,0.12103969051575544,79.69447726540223,Tap
3158,0.11434120203123632,85.29509476416342,Tap
3159,0.11392475260857932,75.40099909044979,Tap
3160,0.12448529123564456,69.49903739754161,Tap
3161,0.11674778213761766,67.54166913758644,Tap
3162,0.11169950473564555,70.86249276222902,Tap
3163,0.11699720899053989,72.62533289759565,Tap
3164,0.11660383157364378,70.00218778734288,Tap
3166,0.10463378602796874,77.45827456939266,Tap
3168,0.10538984938961701,71.12713473787562,Tap
3169,0.12808897911049916,65.03369900849081,Tap
3170,0.13460698103089985,61.54254888699132,Tap
3171,0.10931948569677359,69.22826609740207,Tap
3172,0.11040626014805391,68.2590913503882,Tap
3173,0.12005517568671763,61.7715770248211,Tap
3174,0.13475499549732858,59.355411560531806,Tap
3176,0.10864225381706262,72.83364475912656,Tap
3177,0.11832908772962418,71.46623793501969,Tap
3178,0.11767105902915381,76.50085171353795,Tap
3179,0.14095983753379723,59.573114920522826,Tap
3180,0.1142110597463488,69.2025158879165,Tap
3181,0.10849335793977849,67.36254260646874,Tap
3182,0.11491258908752723,68.15802269586688,Tap
3185,0.11257566021601982,68.68219928914692,Tap
3186,0.10822534287321724,66.19185226668114,Tap
3187,0.09290167994500904,70.81193707983641,Hold
3194,0.12296020723475833,69.3796293003417,Tap
3195,0.1136695811544182,74.73256006873893,Tap
3196,0.11290116215830258,74.08325921378376,Tap
3197,0.11290472731356942,71.77466300380706,Tap
3198,0.08990736330278329,72.11827517789241,Hold
3203,0.11055953110239136,74.44254394131687,Tap
3204,0.11871604984908761,65.83801026239149,Tap
3205,0.10077521083181598,72.8539204101235,Tap
3206,0.0937661895430942,73.74308295990646,Hold
3212,0.11926010267190122,77.55823523302124,Tap
3213,0.10296397187494112,82.3485162211608,Tap
3214,0.12547638888903428,70.74511825831529,Tap
3216,0.12607237571734842,68.11494672579002,Tap
3217,0.10287996945010112,75.49190820699353,Tap
3218,0.11080214132374838,68.65420054466254,Tap
3220,0.10000139598699291,74.50327715178584,Tap
3221,0.11415591724852425,69.21079891927397,Tap
3224,0.10393164160430511,72.67391767889293,Tap
3225,0.07783527138221272,79.14998621545192,Hold
3229,0.12155841331868676,64.1381629422422,Tap
3230,0.10899412813796885,71.97268973254008,Tap
3231,0.10944868489658628,70.65370167807394,Tap
3233,0.10034669425601904,67.1731882736464,Tap
3234,0.10895698315631032,66.27368785431203,Tap
3235,0.09936971366565717,70.01599214477818,Hold
3238,0.14098127719454379,60.18043935567321,Tap
3239,0.11010409263699933,68.57650044170248,Tap
3242,0.10035642021653539,65.10074788661886,Tap
3243,0.1005789548080642,65.66342304007618,Tap
3244,0.10481713636931268,64.92499089184183,Tap
3245,0.0873397176531821,78.84317151937923,Hold
3250,0.10376713551814558,57.41269486209488,Tap
3251,0.10243539614498509,63.10859647682457,Tap
3252,0.08305016262282551,64.74950393541606,Hold
3258,0.07677963729405246,109.40838059062756,Hold
3262,0.0997872112831837,72.94425657393522,Hold
3265,0.07001826295619498,63.17375403388821,Hold
3272,0.10447942558530718,65.17176688205427,Tap
3273,0.12392608161822745,61.699446815552356,Tap
3275,0.11297629915871875,61.30187854905328,Tap
3278,0.1007554685349178,61.03261041963414,Tap
3279,0.10575318787943756,50.339670935008414,Tap
3280,0.10560702150975647,58.3326345220994,Tap
3282,0.10076830633097239,62.9998292280215,Tap
3283,0.11235083175407644,60.109555184379055,Tap
3286,0.11372741458686035,66.32337864039086,Tap
3288,0.12021154628469652,57.08445052931529,Tap
3289,0.08810208945185125,70.76792817379177,Hold
3292,0.08394090239474915,73.55344676683893,Hold
3295,0.09864461293857689,66.40190569900597,Hold
3298,0.0837693140929266,104.3053447277162,Hold
3301,0.10760539025125897,96.10610390442841,Tap
3309,0.10008042066829122,73.92864987278493,Tap
3310,0.08703189862231689,67.24903094017218,Hold
3314,0.10965731693264243,53.19959585510718,Tap
3317,0.10112965962549421,66.30446612431199,Tap
3321,0.10481802072205841,52.9023528043807,Tap
3322,0.10750582282213302,54.31902636381169,Tap
3325,0.08391046151637974,63.50653618992284,Hold
3328,0.08275778536000761,68.54351706926069,Hold
3335,0.10640118905452634,60.29173767166228,Tap
3336,0.10026556083561707,63.161496896968664,Tap
3337,0.11361764886487236,54.93850260335275,Tap
3338,0.10150738594438978,58.487062749816374,Tap
3339,0.08795483853952266,57.638739830295776,Hold
3344,0.07180314021571307,69.96061213722403,Hold
3351,0.12342821683178921,55.11516917002266,Tap
3353,0.10537870129310607,57.516833152880366,Tap
3354,0.08444139541863512,61.20296072305234,Hold
3357,0.10274446835972222,55.32021037962746,Tap
3358,0.08959060190331086,62.279493825074795,Hold
3361,0.09312435846675657,58.96475117419323,Hold
3364,0.09602965270616093,54.27948186296655,Hold
3367,0.0953677875058652,64.3194643149432,Hold
3370,0.07492213769068085,59.60076812064,Hold
3377,0.10402307929240845,64.40638038749894,Tap
3378,0.11279310680915594,68.11003815575698,Tap
3379,0.09490846745458506,52.3742222849191,Hold
3382,0.08873092075595751,61.23353009776593,Hold
3387,0.10076368810963594,66.01468831430533,Tap
3388,0.08411799828858091,62.1675820635818,Hold
3391,0.0827920683321467,66.14073307446877,Hold
3395,0.10746007313405831,62.9216657590756,Tap
3398,0.10343613941897786,63.624846007303105,Tap
3399,0.07546642613856899,67.91100610356095,Hold
3402,0.09463338204221755,67.23027325946738,Hold
3405,0.08530957010361133,63.250900218058106,Hold
3412,0.10171197217208314,64.7898241576996,Tap
3413,0.09857341174629387,61.78152457995468,Hold
3419,0.09333715695504284,72.19254637998792,Hold
3422,0.11864842484654729,72.04619974819582,Tap
3423,0.07696852389951844,67.40203310629416,Hold
3426,0.07565910434255399,66.32878854530422,Hold
3430,0.12141151100499033,75.74820249298148,Tap
3431,0.10799019294289118,78.72540673780406,Tap
3432,0.10167160413251629,79.16926533381752,Tap
3433,0.11450130693684572,70.58877459385026,Tap
3434,0.13389009157962123,71.75954159733502,Tap
3437,0.12337145670908455,59.416018615320795,Tap
3438,0.11222677555223856,66.03357151302605,Tap
3439,0.11829930271477143,73.69238465928171,Tap
3440,0.12133159561735243,72.14554483407332,Tap
3441,0.1144061970286235,79.51252685712818,Tap
3443,0.10931886310646365,91.0233851969223,Tap
3446,0.12242540627804163,85.29596530558317,Tap
3447,0.10869020953598749,76.29569279886005,Tap
3448,0.13420020516530548,59.56241173833455,Tap
3450,0.10804504094299246,60.817371119037276,Tap
3451,0.11843984203199108,57.76723558927872,Tap
3452,0.14028795797390936,53.85609879619775,Tap
3453,0.11417390167766202,60.30355217906584,Tap
3454,0.10574156267564365,58.77413905261885,Tap
3455,0.11237446742163633,55.36749121713755,Tap
3456,0.1355693254096927,72.22375471205851,Tap
3457,0.12306341029410606,70.64858543657036,Tap
3458,0.12776513215826832,70.16480643969855,Tap
3459,0.12223235256243904,73.51358835066952,Tap
3460,0.11509813207227984,62.41734241160335,Tap
3461,0.1233464231163297,63.310212379117885,Tap
3462,0.12590629026823766,58.90628561791907,Tap
3463,0.10818381950421686,67.51585065083147,Tap
3464,0.11115111739757165,64.49623371581845,Tap
3465,0.10137058725741123,62.73068808353588,Tap
3469,0.07357588127850884,63.81898292527994,Hold
3473,0.10410104125033759,67.1304386442417,Tap
3474,0.11661186361422371,74.75093529479756,Tap
3475,0.1330094398852358,64.5787316491738,Tap
3476,0.1182779453863218,65.95070760264767,Tap
3479,0.11702503690385857,53.9868346916304,Tap
3482,0.10599856759925864,68.41004944276105,Tap
3483,0.11038394653948654,59.2195619563759,Tap
3486,0.10341205206965122,60.48482961510464,Tap
3487,0.08599393819042178,65.07118805519558,Hold
3491,0.1414985214634017,63.25644612310629,Tap
3492,0.11107607815286633,67.44171416716732,Tap
3493,0.1149618376045246,67.146043252461,Tap
3494,0.10114313897629584,71.94935283255548,Tap
3495,0.10077248097078037,66.73687230387529,Tap
3496,0.12266745333132603,61.091558387825856,Tap
3497,0.10110876716667225,68.94084921787241,Tap
3498,0.10931482903582504,66.97523399255584,Tap
3501,0.11468043126450997,60.24785816964323,Tap
3502,0.10247840935371534,62.22982304466675,Tap
3503,0.11300595904690044,59.631746731312774,Tap
3504,0.10339203217647949,64.96749047242747,Tap
3505,0.09449166314028776,61.605573253043836,Hold
3508,0.11139641524133458,58.85128218676351,Tap
3510,0.10749902627170838,65.43833832679299,Tap
3512,0.10499093876578541,54.87945612979935,Tap
3513,0.10864226399437647,54.36740491119638,Tap
3514,0.11749517252939609,48.21364782091301,Tap
3517,0.11320140312525037,68.96726995629231,Tap
3519,0.10991661549767097,63.39427399576378,Tap
3520,0.11735706473170199,52.45724402212082,Tap
3521,0.10466347571986129,52.36911569337616,Tap
3522,0.09843881208257035,60.738841430161784,Hold
3526,0.11493847734692118,57.120517290897965,Tap
3538,0.1095230318631074,54.99972279232427,Tap
3543,0.10483538731985335,62.224978498969364,Tap
3544,0.1338870554765653,58.54786011957906,Tap
3545,0.12832948203197994,55.494205126985186,Tap
3546,0.10473749464490498,63.93142132006203,Tap
3547,0.10980560325626805,50.75786588050594,Tap
3548,0.1061453200485903,56.88030652776584,Tap
3552,0.118197549006918,62.93272804545314,Tap
3553,0.11375414834437007,62.805191207108415,Tap
3554,0.10621836247719267,61.73533304683303,Tap
3555,0.09013536160301046,59.94303009289614,Hold
3558,0.08336815096749828,68.99762786421383,Hold
3561,0.11581865987579536,66.47942401428928,Tap
3562,0.10361443863896248,63.78927457697674,Tap
3563,0.09889890817314242,56.772995257193024,Hold
3566,0.09760434924773244,62.70350920655633,Hold
3569,0.11176470700226132,62.491883164657565,Tap
3571,0.10709324339298655,59.42052333549424,Tap
3572,0.10376401722097477,59.94817303669821,Tap
3573,0.10357049814077031,58.644066925156835,Tap
3574,0.09241925938216602,58.49641639051431,Hold
3577,0.08899685438515162,69.32392040963066,Hold
3587,0.10566984104230744,71.00122594831493,Tap
3588,0.10227465111225527,68.93443681255185,Tap
3590,0.0939101530572954,53.57079020753662,Hold
3597,0.10411719841292039,61.67033598913724,Tap
3598,0.10685534751096065,56.81460238258157,Tap
3601,0.10924406498117772,60.067542437375245,Tap
3602,0.1011320576413337,61.07349041023168,Tap
3603,0.09279060762095784,68.47037752045128,Hold
3606,0.08625675610767057,59.809415486493414,Hold
3613,0.10811813056792739,63.322850498250766,Tap
3614,0.07835806981944207,61.45285602375204,Hold
3617,0.08362247590316442,49.77984869340923,Hold
3625,0.07239454932298936,114.84598610965097,Hold
3632,0.10479748685235853,58.74610350808672,Tap
3633,0.10461810472341472,60.63814103362259,Tap
3634,0.09660552637294434,62.447312556662276,Hold
3639,0.10506183025077756,58.25165925718775,Tap
3640,0.07893635038997109,66.88106993865085,Hold
3648,0.10194033692854386,65.96848139780988,Tap
3654,0.0888479434447429,111.00139943986869,Hold
3657,0.11743471064252897,69.41842465987847,Tap
3658,0.07956426623241704,93.31663322758715,Hold
3665,0.10225964871364934,73.0314586310249,Tap
3666,0.10132360923059014,74.93733847278403,Tap
3674,0.11047500616349838,64.10108565605796,Tap
3675,0.1082656293974855,66.8262719304432,Tap
3676,0.10841772139962651,62.127195761700364,Tap
3677,0.10034514998308859,64.78737112474369,Tap
3678,0.08953580908662112,59.03474590090947,Hold
3682,0.10100154835732955,58.25569152294781,Tap
3683,0.12307170739958988,61.88292413541766,Tap
3684,0.10401261015574675,65.20607815844599,Tap
3685,0.07923010362586022,61.7428854086468,Hold
3691,0.116089382201516,61.25944094412048,Tap
3692,0.1390415839807721,65.7444431498051,Tap
3693,0.12115308548434973,61.79611333300436,Tap
3694,0.1073376653991348,65.09274267517561,Tap
3695,0.10889884916844589,62.97957920704011,Tap
3696,0.10712282676059282,59.34082967672651,Tap
3697,0.11500775801925398,60.753298000527245,Tap
3698,0.10375462873341941,60.148790630520956,Tap
3699,0.10061675299606448,62.94428249813007,Tap
3700,0.11691041776230476,62.166141352556224,Tap
3703,0.10172605180726442,61.392082662926136,Tap
3704,0.07036824865772573,79.55398528553748,Hold
3709,0.10744003810074809,79.11277600951776,Tap
3710,0.1305777276597933,74.51281114935769,Tap
3711,0.12016300537556523,77.84453959176419,Tap
3712,0.10719143044933672,72.40783826634092,Tap
3713,0.1344848464237116,64.38953191101773,Tap
3714,0.11750040536354596,65.37408216974275,Tap
3717,0.11803050527321465,63.157169715040226,Tap
3718,0.11941503960621619,70.28396529619147,Tap
3719,0.11627357309911936,73.3765182809381,Tap
3720,0.11736109540945397,67.25518796083304,Tap
3722,0.11212981221581295,87.1479195383473,Tap
3723,0.11227735142815355,89.0131596100142,Tap
3724,0.12171833136457805,86.6328549630871,Tap
3725,0.10403375134314363,85.81009437963571,Tap
3726,0.10433729857179337,84.15064485247636,Tap
3727,0.10193312606927915,77.02654142551432,Tap
3728,0.10639062132473688,71.16588421501,Tap
3729,0.13569426148019742,64.67394769632155,Tap
3731,0.10846564861112167,69.97930440362093,Tap
3732,0.12911327372177683,66.89510511350454,Tap
3733,0.12902719769437582,63.38239748776373,Tap
3736,0.13104770268896,74.06730847880792,Tap
3737,0.11702896044069971,73.815818037191,Tap
3738,0.11816582869161568,65.97142909781495,Tap
3739,0.107598083154004,69.9860529866123,Tap
3740,0.11937303142144909,67.94764585914818,Tap
3741,0.1031032997975391,72.46493043244874,Tap
3742,0.11105184789983798,69.47489484960703,Tap
3744,0.10070206878872424,68.21015719053896,Tap
3745,0.07951828822467212,75.64772586837425,Hold
3748,0.08122043929802243,73.95931662648925,Hold
3753,0.13923524439698445,66.7410580348548,Tap
3754,0.1330917036133462,62.505048624729625,Tap
3755,0.11471666889849809,72.65818621786687,Tap
3756,0.10037388167433195,66.99375277442186,Tap
3757,0.10138753066180259,67.04926552381774,Tap
3759,0.10762711165298547,65.5147720959589,Tap
3762,0.12919999647586514,65.18032259893029,Tap
3763,0.11250322813417148,59.827637029590385,Tap
3764,0.10225870195755503,69.38312005713958,Tap
3765,0.08289342966893619,64.45316247333247,Hold
3770,0.10804784372295845,74.46141382888834,Tap
3771,0.11457577933951925,76.27720902088384,Tap
3773,0.12134412593319412,68.13628429449791,Tap
3775,0.11849303228642959,59.760590142798165,Tap
3776,0.12646803521763653,69.07414971219133,Tap
3777,0.10736952362305698,68.28492477994874,Tap
3779,0.12347239187939972,69.95847357155822,Tap
3780,0.10941202010808428,66.501084494472,Tap
3781,0.1086666087471751,69.4504719473772,Tap
3783,0.11104614706535032,64.78817318586226,Tap
3784,0.10084719524654934,70.74235973656567,Tap
3785,0.10761834559470253,62.71952212263309,Tap
3788,0.11762667482713206,65.84155851637213,Tap
3789,0.10359332112402678,69.2044603446249,Tap
3790,0.1315687818356547,60.870880930357735,Tap
3792,0.10434695802042436,63.56127543396649,Tap
3793,0.08587476795890754,64.15931066925508,Hold
3797,0.11430219623594762,70.11701696891731,Tap
3798,0.08502869679480603,65.89628937278772,Hold
3801,0.07358722296832237,74.6754412590952,Hold
3806,0.10086841672377012,60.019241523870086,Tap
3814,0.11156834999041698,56.69888535278759,Tap
3819,0.08146469429266776,92.19056256240694,Hold
3822,0.10360035096585692,100.81970612470012,Tap
3823,0.13561149737462463,61.55788607406856,Tap
3824,0.10914323914620395,61.627396481842226,Tap
3825,0.09511232344002231,53.3433559763626,Hold
3831,0.11486440114180442,64.32494675833463,Tap
3832,0.12952511506640807,65.17942546151299,Tap
3833,0.1061402647203226,62.51430001095697,Tap
3834,0.10758932303936522,59.40771522427623,Tap
3835,0.07993998828483845,52.08878396422622,Hold
3838,0.08456417435201798,65.09067180922382,Hold
3841,0.11232574612411429,58.877189285982894,Tap
3842,0.10372306036987322,55.08049697352843,Tap
3845,0.10702836181623393,52.2258944326334,Tap
3847,0.10474934856485929,54.60797098693157,Tap
3848,0.08243038811757096,57.25304800335796,Hold
3851,0.08224890256320734,58.75572010511208,Hold
3854,0.07939577547507125,57.067740123591264,Hold
3857,0.07557402422228132,62.91710463531527,Hold
3864,0.09092625689997497,60.29985249429299,Hold
3867,0.12527862391314543,67.46718521391749,Tap
3868,0.11680533709531733,63.17523759023443,Tap
3870,0.11359049095040324,55.56367220375833,Tap
3871,0.08538864298860362,60.975010483886024,Hold
3875,0.10056432621669414,66.33129743195133,Tap
3877,0.10715990755542215,62.588744740547824,Tap
3878,0.09162617715981929,58.01698679865705,Hold
3881,0.10873522210878835,58.7959184382232,Tap
3882,0.10086254309992909,54.05119898736681,Tap
3883,0.08305638114542942,64.3323697782947,Hold
3886,0.08411630796271384,59.85820552254433,Hold
3889,0.088530990674289,59.09791782807672,Hold
3893,0.10334551123529163,64.0799245742659,Tap
3894,0.079333083271063,60.9142244327361,Hold
3897,0.09314392448958322,50.80276834081488,Hold
3900,0.08308357402342012,74.41928050321496,Hold
3903,0.08585872718809502,53.29719939731123,Hold
3910,0.10611404792159616,58.09250686020506,Tap
3911,0.12250738646711572,56.98395954163692,Tap
3912,0.1043796440063505,56.45004913496139,Tap
3913,0.10756054472948808,55.51461703437694,Tap
3914,0.10966428350291896,51.00011919947752,Tap
3917,0.1125344626879577,50.632109628297236,Tap
3918,0.09437304024935662,55.95510436902541,Hold
3921,0.07932361464909816,57.10076304352872,Hold
3924,0.09530256626230794,48.04045768989615,Hold
3928,0.1112234090079062,66.87770720817618,Tap
3930,0.10448160232342049,51.23983135694983,Tap
3936,0.11652250019020857,64.73021443084208,Tap
3937,0.10298347375895882,64.80064050492793,Tap
3938,0.11804884374558958,62.16997213606751,Tap
3939,0.09848554890497073,56.447437777193855,Hold
3943,0.10584383507113042,54.5174895259652,Tap
3945,0.11242419164401916,62.78485240556083,Tap
3946,0.103565704611955,61.32088060076795,Tap
3947,0.11047461917245689,56.932693224000786,Tap
3949,0.12942306044508392,53.099485335385346,Tap
3951,0.12026257950631399,53.44381894328901,Tap
3952,0.10346231379058779,54.266694648240275,Tap
3954,0.10806982583680966,63.41523421023651,Tap
3955,0.0885056217947191,67.7090174354246,Hold
3958,0.07970441259133822,67.30610900662448,Hold
3963,0.11551929420604175,60.69606709069931,Tap
3964,0.11641356131674344,58.818584221043416,Tap
3967,0.10922137962084916,55.26499210396786,Tap
3971,0.10553998131827043,68.3828583401569,Tap
3972,0.10386130767522934,72.34849990974061,Tap
3973,0.12095662020632823,65.3764475235167,Tap
3980,0.11706103218310462,62.90574360072116,Tap
3981,0.10661377917657884,63.96657015458297,Tap
3982,0.0795221623270015,59.74138563544847,Hold
3985,0.08037103860528072,60.18148769094866,Hold
3988,0.11091237232630871,53.57345750484447,Tap
3989,0.12503283500691384,79.43950209395712,Tap
3990,0.10643751237773016,79.01361226837176,Tap
3991,0.10128774971951884,80.07507621131833,Tap
3992,0.10190617278517344,74.0943173487815,Tap
3993,0.10695121738920739,68.73039073274936,Tap
3994,0.09188834391606612,66.65371554751145,Hold
3998,0.12988803129194948,68.82603482417781,Tap
3999,0.12374646651631102,69.24814441862281,Tap
4001,0.10979282921339449,58.6628512334399,Tap
4002,0.08339965427257388,65.4468255711692,Hold
4006,0.11696844733291627,61.39896595644419,Tap
4007,0.12644717848207568,64.06727931489934,Tap
4008,0.10851452408841074,64.98946288120226,Tap
4009,0.10442417767616483,66.03990629981335,Tap
4010,0.10734371625796921,63.507957567956055,Tap
4011,0.13466610396126738,59.361160365941124,Tap
4012,0.13897462655228976,58.32681053316057,Tap
4013,0.10765143959459961,60.779387765409155,Tap
4015,0.13067122773948217,71.07490107777376,Tap
4016,0.13190392913799545,64.37211354472757,Tap
4017,0.1282867881492673,70.67139830599183,Tap
4018,0.10878153189184123,66.25893420100638,Tap
4019,0.10894176546386669,65.27194578834022,Tap
4020,0.10356812607824281,62.652106217509896,Tap
4021,0.12067630505821227,59.88387240679286,Tap
4022,0.10227021486191348,63.83402083919496,Tap
4023,0.08821809098522253,64.29756251444726,Hold
4033,0.11452378315185029,74.81952730873249,Tap
4034,0.13146602738419594,68.51768975558483,Tap
4035,0.12212918534966129,67.22798676900672,Tap
4037,0.1045671467251239,70.09777556068562,Tap
4038,0.11930033542429509,60.43311841353493,Tap
4040,0.10019130692444068,67.26312210887932,Tap
4042,0.1011970312835127,70.89354812281304,Tap
4043,0.10040806517058949,72.85149045110508,Tap
4050,0.12711824672907268,73.88269516123586,Tap
4051,0.14189142874078492,69.59602482294774,Tap
4052,0.12318830131426034,69.64987176675726,Tap
4053,0.10729225954327097,70.44184637392297,Tap
4054,0.10965770577563867,63.68734384790235,Tap
4055,0.11020560354321206,69.73182507081142,Tap
4057,0.11585072973800196,61.4350276306252,Tap
4058,0.11017816431461103,64.31098537938944,Tap
4059,0.1205826798571047,64.12412386445878,Tap
4060,0.11389976316239844,57.348524394132106,Tap
4062,0.1096272925542207,56.97211879285512,Tap
4063,0.07628690082873812,68.02548900952226,Hold
4067,0.10960969195871707,58.03278170782851,Tap
4068,0.11094448030948445,65.53023070230647,Tap
4069,0.10914098894373411,62.607819066375015,Tap
4070,0.11073647743999723,54.70028634112321,Tap
4071,0.10265620160032733,55.10238950772387,Tap
4072,0.1080819844919368,54.644604309896316,Tap
4073,0.09614672923871284,61.38623032130293,Hold
4076,0.1094277531063373,69.12755378896428,Tap
4078,0.10833555565250932,66.32588983657868,Tap
4079,0.07471273853961828,65.74324304198484,Hold
4082,0.07404051901492509,75.09550130384942,Hold
4085,0.14511143767173104,56.043183775679715,Tap
4086,0.08735496099818796,53.14662714152497,Hold
4089,0.07488363215750647,61.888287702794166,Hold
4095,0.08682249912642702,51.16823165448881,Hold
4103,0.10655776800974089,68.52784468687106,Tap
4104,0.12546781869383872,58.921887634378024,Tap
4105,0.11802542929400021,57.388257994628994,Tap
4106,0.07286564867944946,57.12612493820524,Hold
4111,0.12432507840774704,66.16660500778563,Tap
4112,0.11257536960258321,64.9027053077181,Tap
4120,0.10974352238427378,70.24243422699585,Tap
4121,0.1029075182009774,59.76530103148759,Tap
4122,0.1338827421090374,51.786134195626694,Tap
4123,0.111379455846159,56.86660055177953,Tap
4124,0.1017092985342996,63.82814104236862,Tap
4126,0.10622911221452624,59.274508807412516,Tap
4128,0.1046335414815219,60.53804990140894,Tap
4129,0.07879241442059598,66.56307929781255,Hold
4132,0.07147252650527668,69.2429736759534,Hold
4137,0.10963369910748527,60.37858764173658,Tap
4138,0.10603522175754415,65.33177835215383,Tap
4139,0.11937076147452048,63.18507341779491,Tap
4140,0.1048022068547314,60.05357048762048,Tap
4141,0.11672230228966224,57.29628943110491,Tap
4142,0.08511890280556751,52.401908034113774,Hold
4152,0.08697169796840343,76.25723469972873,Hold
4155,0.1234046738940023,64.37798507673476,Tap
4156,0.1273917896014888,48.73791220853524,Tap
4158,0.10895773559864777,53.65556957115758,Tap
4159,0.10046425794219908,54.44972325616158,Tap
4160,0.10633672720103778,56.744704648270435,Tap
4161,0.10456477887301559,54.014637793316,Tap
4162,0.10097229845358902,54.062402415999905,Tap
4163,0.10405850074712164,58.65188468701163,Tap
4164,0.10967179194117468,59.49243754742663,Tap
4165,0.10409233397266415,60.92884087986546,Tap
4166,0.080161028292805,59.84345469503043,Hold
4172,0.0991411065047491,56.08640252833328,Hold
4178,0.07724050520806318,49.53748183792827,Hold
4183,0.08399581781760855,104.63126074998041,Hold
4191,0.10162457975659475,65.19074804972242,Tap
4192,0.10220545202501352,63.88538637705633,Tap
4193,0.09532976410326495,68.07197846884031,Hold
4196,0.10470747002779915,61.42985453178303,Tap
4197,0.08403590071054398,67.55355098266685,Hold
4207,0.11225174461987855,62.96374132165417,Tap
4208,0.10257825666132118,66.62143014987873,Tap
4209,0.08550191306245161,107.26886876792823,Hold
4212,0.08294564057141834,102.41478425144356,Hold
4215,0.12205279580598044,55.959685220576525,Tap
4216,0.11055150971137546,68.56139180300607,Tap
4217,0.11638641635228719,65.91813440880077,Tap
4218,0.10853403911949576,64.2388567106931,Tap
4219,0.10836576781185983,61.313398273992284,Tap
4221,0.10555350830441203,65.8554202725223,Tap
4222,0.09165305331914599,75.94992523124131,Hold
4225,0.08995698571328806,76.67632502378304,Hold
4228,0.10945938042382276,69.41187444809493,Tap
4229,0.09462439271666728,72.29205390957893,Hold
4233,0.10233593193994614,70.42510290516516,Tap
4234,0.12968006080355265,70.23277321872236,Tap
4235,0.11871406465726339,67.55456920324535,Tap
4237,0.10297078826699926,66.5682693005131,Tap
4239,0.10042136518746198,63.313938365169115,Tap
4240,0.10375328244203981,67.88723949018389,Tap
4242,0.11751225667329665,67.01240759776773,Tap
4243,0.11788873542832744,67.1118550057648,Tap
4244,0.10423430375825357,71.68494826863314,Tap
4245,0.1025176958135267,60.46305411291402,Tap
4246,0.10489608904314507,60.85618847053463,Tap
4248,0.10447221571874415,62.44996928522691,Tap
4249,0.10667334387515681,63.429509247233135,Tap
4251,0.11498034998870756,66.59306416230534,Tap
4253,0.11061731547850275,64.97866620206153,Tap
4254,0.10014307301804287,60.465693218827205,Tap
4255,0.10326782935243536,59.73669893952603,Tap
4256,0.10834135263568528,55.52626150817632,Tap
4257,0.11874044415840045,57.42722695342825,Tap
4258,0.09972225135589304,73.03110211529592,Hold
4269,0.11368884017827803,79.50392353382686,Tap
4270,0.11985845314317885,72.91424381426779,Tap
4271,0.1017356774184243,74.62551696785475,Tap
4272,0.10290860197211917,68.93150351714817,Tap
4273,0.08198525014715755,72.31568122806974,Hold
4276,0.10833150918769259,67.16542458513845,Tap
4277,0.10934595147307861,77.03001940309368,Tap
4278,0.10278389556309855,79.13015579476452,Tap
4281,0.11513004176128923,67.24491017251994,Tap
4284,0.1113061746628948,68.65498705031388,Tap
4285,0.08220662654061853,74.49916763893172,Hold
4290,0.11723483882792954,67.61413763552724,Tap
4294,0.10602479297513373,74.72661375729955,Tap
4295,0.10871486510659599,78.34790331434894,Tap
4296,0.11512264318470805,80.23422665257725,Tap
4297,0.1112492458242166,77.74210586614689,Tap
4298,0.12029761520026468,78.4119232355081,Tap
4299,0.12185104247331513,80.77832520447234,Tap
4300,0.09070414157284942,87.66759080411606,Hold
4303,0.07112136862683946,81.58277406842971,Hold
4312,0.10924284680933863,74.66073886686516,Tap
4313,0.1318739292779448,70.94804466957889,Tap
4314,0.11366214620441532,78.73081183158523,Tap
4315,0.1134149565925195,76.78730682615904,Tap
4317,0.10315271345268756,84.25279880885654,Tap
4318,0.0898321017090481,85.51443162665875,Hold
4321,0.08160976723763956,74.52175762321805,Hold
4330,0.12587745720605018,60.315097893491625,Tap
4331,0.10905230737420978,67.08243788189424,Tap
4333,0.13015356485532484,58.70117677885425,Tap
4334,0.10786818909790662,59.54229846118038,Tap
4335,0.10764618883803005,59.57847965522658,Tap
4336,0.12047578361444987,53.63198196730315,Tap
4338,0.1233199147548137,48.366467494966756,Tap
4339,0.08525983056716185,55.79737210181485,Hold
4344,0.11930694337419284,46.67127681547374,Tap
4345,0.08201015969510404,53.078791465484194,Hold
4348,0.07713581919849087,55.06054879689462,Hold
4352,0.07183891301530347,49.55706752850869,Hold
